{"cameraMode":{"drawMode":0,"name":"Shaded","section":"Shading Mode"},"sceneLighting":true,"audioPlay":false,"sceneViewState":{"m_AlwaysRefresh":false,"showFog":true,"showSkybox":true,"showFlares":true,"showImageEffects":true,"showParticleSystems":true,"showVisualEffectGraphs":true,"m_FxEnabled":true},"in2DMode":false,"pivot":{"x":15.869195938110352,"y":-19.394227981567384,"z":9.682144165039063},"rotation":{"x":-0.35029643774032595,"y":-0.45897871255874636,"z":0.20333637297153474,"w":-0.7907710671424866},"size":18.557954788208009,"orthographic":false}