{"cameraMode":{"drawMode":0,"name":"Shaded","section":"Shading Mode"},"sceneLighting":true,"audioPlay":false,"sceneViewState":{"m_AlwaysRefresh":false,"showFog":true,"showSkybox":true,"showFlares":true,"showImageEffects":true,"showParticleSystems":true,"showVisualEffectGraphs":true,"m_FxEnabled":true},"in2DMode":false,"pivot":{"x":-2.751425266265869,"y":0.47422122955322268,"z":3.370562791824341},"rotation":{"x":0.11351338028907776,"y":-0.520710289478302,"z":0.07009512931108475,"w":0.8432528972625732},"size":3.7521417140960695,"orthographic":false}